Image,Angles
test_0.jpg,0.0
test_1.jpg,0.0
test_2.jpg,0.0
test_3.jpg,0.0
test_4.jpg,0.0
test_5.jpg,0.0
test_6.jpg,0.0
test_7.jpg,0.0
test_8.jpg,0.0
test_9.jpg,0.0
test_10.jpg,0.0
test_11.jpg,0.0
test_12.jpg,0.0
test_13.jpg,0.0
test_14.jpg,0.0
test_15.jpg,0.0
test_16.jpg,0.0
test_17.jpg,0.0
test_18.jpg,0.0
test_19.jpg,0.0
test_20.jpg,0.0
test_21.jpg,0.0
test_22.jpg,0.0
test_23.jpg,0.0
test_24.jpg,0.0
test_25.jpg,0.0
test_26.jpg,0.0
test_27.jpg,0.0
test_28.jpg,0.0
test_29.jpg,0.0
test_30.jpg,0.0
test_31.jpg,0.0
test_32.jpg,0.0
test_33.jpg,0.0
test_34.jpg,0.0
test_35.jpg,0.0
test_36.jpg,0.0
test_37.jpg,0.0
test_38.jpg,0.0
test_39.jpg,0.0
test_40.jpg,0.0
test_41.jpg,0.0
test_42.jpg,0.0
test_43.jpg,0.0
test_44.jpg,0.0
test_45.jpg,0.0
test_46.jpg,0.0
test_47.jpg,0.0
test_48.jpg,0.0
test_49.jpg,0.0
test_50.jpg,0.0
test_51.jpg,0.0
test_52.jpg,0.0
test_53.jpg,0.0
test_54.jpg,0.0
test_55.jpg,0.0
test_56.jpg,0.0
test_57.jpg,0.0
test_58.jpg,0.0
test_59.jpg,0.0
test_60.jpg,0.0
test_61.jpg,0.0
test_62.jpg,0.0
test_63.jpg,0.0
test_64.jpg,0.0
test_65.jpg,0.0
test_66.jpg,0.0
test_67.jpg,0.0
test_68.jpg,0.0
test_69.jpg,0.0
test_70.jpg,0.0
test_71.jpg,0.0
test_72.jpg,0.0
test_73.jpg,0.0
test_74.jpg,0.0
test_75.jpg,0.0
test_76.jpg,0.0
test_77.jpg,0.0
test_78.jpg,0.0
test_79.jpg,0.0
test_80.jpg,0.0
test_81.jpg,0.0
test_82.jpg,0.0
test_83.jpg,0.0
test_84.jpg,0.0
test_85.jpg,0.0
test_86.jpg,0.0
test_87.jpg,0.0
test_88.jpg,0.0
test_89.jpg,0.0
test_90.jpg,0.0
test_91.jpg,0.0
test_92.jpg,0.0
test_93.jpg,0.0
test_94.jpg,0.0
test_95.jpg,0.0
test_96.jpg,0.0
test_97.jpg,0.0
test_98.jpg,0.0
test_99.jpg,0.0
test_100.jpg,0.0
test_101.jpg,0.0
test_102.jpg,0.0
test_103.jpg,0.0
test_104.jpg,0.0
test_105.jpg,0.0
test_106.jpg,0.0
test_107.jpg,0.0
test_108.jpg,0.0
test_109.jpg,0.0
test_110.jpg,0.0
test_111.jpg,0.0
test_112.jpg,0.0
test_113.jpg,0.0
test_114.jpg,0.0
test_115.jpg,0.0
test_116.jpg,0.0
test_117.jpg,0.0
test_118.jpg,0.0
test_119.jpg,0.0
test_120.jpg,0.0
test_121.jpg,0.0
test_122.jpg,0.0
test_123.jpg,0.0
test_124.jpg,0.0
test_125.jpg,0.0
test_126.jpg,0.0
test_127.jpg,0.0
test_128.jpg,0.0
test_129.jpg,0.0
test_130.jpg,0.0
test_131.jpg,0.0
test_132.jpg,0.0
test_133.jpg,0.0
test_134.jpg,0.0
test_135.jpg,0.0
test_136.jpg,0.0
test_137.jpg,0.0
test_138.jpg,0.0
test_139.jpg,0.0
test_140.jpg,0.0
test_141.jpg,0.0
test_142.jpg,0.0
test_143.jpg,0.0
test_144.jpg,0.0
test_145.jpg,0.0
test_146.jpg,0.0
test_147.jpg,0.0
test_148.jpg,0.0
test_149.jpg,0.0
test_150.jpg,0.0
test_151.jpg,0.0
test_152.jpg,0.0
test_153.jpg,0.0
test_154.jpg,0.0
test_155.jpg,0.0
test_156.jpg,0.0
test_157.jpg,0.0
test_158.jpg,0.0
test_159.jpg,0.0
test_160.jpg,0.0
test_161.jpg,0.0
test_162.jpg,0.0
test_163.jpg,0.0
test_164.jpg,0.0
test_165.jpg,0.0
test_166.jpg,0.0
test_167.jpg,0.0
test_168.jpg,0.0
test_169.jpg,0.0
test_170.jpg,0.0
test_171.jpg,0.0
test_172.jpg,0.0
test_173.jpg,0.0
test_174.jpg,0.0
test_175.jpg,0.0
test_176.jpg,0.0
test_177.jpg,0.0
test_178.jpg,0.0
test_179.jpg,0.0
test_180.jpg,0.0
test_181.jpg,0.0
test_182.jpg,0.0
test_183.jpg,0.0
test_184.jpg,0.0
test_185.jpg,0.0
test_186.jpg,0.0
test_187.jpg,0.0
test_188.jpg,0.0
test_189.jpg,0.0
test_190.jpg,0.0
test_191.jpg,0.0
test_192.jpg,0.0
test_193.jpg,0.0
test_194.jpg,0.0
test_195.jpg,0.0
test_196.jpg,0.0
test_197.jpg,0.0
test_198.jpg,0.0
test_199.jpg,0.0
test_200.jpg,0.0
test_201.jpg,0.0
test_202.jpg,0.0
test_203.jpg,0.0
test_204.jpg,0.0
test_205.jpg,0.0
test_206.jpg,0.0
test_207.jpg,0.0
test_208.jpg,0.0
test_209.jpg,0.0
test_210.jpg,0.0
test_211.jpg,0.0
test_212.jpg,0.0
test_213.jpg,0.0
test_214.jpg,0.0
test_215.jpg,0.0
test_216.jpg,0.0
test_217.jpg,0.0
test_218.jpg,0.0
test_219.jpg,0.0
test_220.jpg,0.0
test_221.jpg,0.0
test_222.jpg,0.0
test_223.jpg,0.0
test_224.jpg,0.0
test_225.jpg,0.0
test_226.jpg,0.0
test_227.jpg,0.0
test_228.jpg,0.0
test_229.jpg,0.0
test_230.jpg,0.0
test_231.jpg,0.0
test_232.jpg,0.0
test_233.jpg,0.0
test_234.jpg,0.0
test_235.jpg,0.0
test_236.jpg,0.0
test_237.jpg,0.0
test_238.jpg,0.0
test_239.jpg,0.0
test_240.jpg,0.0
test_241.jpg,0.0
test_242.jpg,0.0
test_243.jpg,0.0
test_244.jpg,0.0
test_245.jpg,0.0
test_246.jpg,0.0
test_247.jpg,0.0
test_248.jpg,0.0
test_249.jpg,0.0
test_250.jpg,0.0
test_251.jpg,0.0
test_252.jpg,0.0
test_253.jpg,0.0
test_254.jpg,0.0
test_255.jpg,0.0
test_256.jpg,0.0
test_257.jpg,0.0
test_258.jpg,0.0
test_259.jpg,0.0
test_260.jpg,0.0
test_261.jpg,0.0
test_262.jpg,0.0
test_263.jpg,0.0
test_264.jpg,0.0
test_265.jpg,0.0
test_266.jpg,0.0
test_267.jpg,0.0
test_268.jpg,0.0
test_269.jpg,0.0
test_270.jpg,0.0
test_271.jpg,0.0
test_272.jpg,0.0
test_273.jpg,0.0
test_274.jpg,0.0
test_275.jpg,0.0
test_276.jpg,0.0
test_277.jpg,0.0
test_278.jpg,0.0
test_279.jpg,0.0
test_280.jpg,0.0
test_281.jpg,0.0
test_282.jpg,0.0
test_283.jpg,0.0
test_284.jpg,0.0
test_285.jpg,0.0
test_286.jpg,0.0
test_287.jpg,0.0
test_288.jpg,0.0
test_289.jpg,0.0
test_290.jpg,0.0
test_291.jpg,0.0
test_292.jpg,0.0
test_293.jpg,0.0
test_294.jpg,0.0
test_295.jpg,0.0
test_296.jpg,0.0
test_297.jpg,0.0
test_298.jpg,0.0
test_299.jpg,0.0
test_300.jpg,0.0
test_301.jpg,0.0
test_302.jpg,0.0
test_303.jpg,0.0
test_304.jpg,0.0
test_305.jpg,0.0
test_306.jpg,0.0
test_307.jpg,0.0
test_308.jpg,0.0
test_309.jpg,0.0
test_310.jpg,0.0
test_311.jpg,0.0
test_312.jpg,0.0
test_313.jpg,0.0
test_314.jpg,0.0
test_315.jpg,0.0
test_316.jpg,0.0
test_317.jpg,0.0
test_318.jpg,0.0
test_319.jpg,0.0
test_320.jpg,0.0
test_321.jpg,0.0
test_322.jpg,0.0
test_323.jpg,0.0
test_324.jpg,0.0
test_325.jpg,0.0
test_326.jpg,0.0
test_327.jpg,0.0
test_328.jpg,0.0
test_329.jpg,0.0
test_330.jpg,0.0
test_331.jpg,0.0
test_332.jpg,0.0
test_333.jpg,0.0
test_334.jpg,0.0
test_335.jpg,0.0
test_336.jpg,0.0
test_337.jpg,0.0
test_338.jpg,0.0
test_339.jpg,0.0
test_340.jpg,0.0
test_341.jpg,0.0
test_342.jpg,0.0
test_343.jpg,0.0
test_344.jpg,0.0
test_345.jpg,0.0
test_346.jpg,0.0
test_347.jpg,0.0
test_348.jpg,0.0
test_349.jpg,0.0
test_350.jpg,0.0
test_351.jpg,0.0
test_352.jpg,0.0
test_353.jpg,0.0
test_354.jpg,0.0
test_355.jpg,0.0
test_356.jpg,0.0
test_357.jpg,0.0
test_358.jpg,0.0
test_359.jpg,0.0
test_360.jpg,0.0
test_361.jpg,0.0
test_362.jpg,0.0
test_363.jpg,0.0
test_364.jpg,0.0
test_365.jpg,0.0
test_366.jpg,0.0
test_367.jpg,0.0
test_368.jpg,0.0
test_369.jpg,0.0
test_370.jpg,0.0
test_371.jpg,0.0
test_372.jpg,0.0
test_373.jpg,0.0
test_374.jpg,0.0
test_375.jpg,0.0
test_376.jpg,0.0
test_377.jpg,0.0
test_378.jpg,0.0
test_379.jpg,0.0
test_380.jpg,0.0
test_381.jpg,0.0
test_382.jpg,0.0
test_383.jpg,0.0
test_384.jpg,0.0
test_385.jpg,0.0
test_386.jpg,0.0
test_387.jpg,0.0
test_388.jpg,0.0
test_389.jpg,0.0
test_390.jpg,0.0
test_391.jpg,0.0
test_392.jpg,0.0
test_393.jpg,0.0
test_394.jpg,0.0
test_395.jpg,0.0
test_396.jpg,0.0
test_397.jpg,0.0
test_398.jpg,0.0
test_399.jpg,0.0
test_400.jpg,0.0
test_401.jpg,0.0
test_402.jpg,0.0
test_403.jpg,0.0
test_404.jpg,0.0
test_405.jpg,0.0
test_406.jpg,0.0
test_407.jpg,0.0
test_408.jpg,0.0
test_409.jpg,0.0
test_410.jpg,0.0
test_411.jpg,0.0
test_412.jpg,0.0
test_413.jpg,0.0
test_414.jpg,0.0
test_415.jpg,0.0
test_416.jpg,0.0
test_417.jpg,0.0
test_418.jpg,0.0
test_419.jpg,0.0
test_420.jpg,0.0
test_421.jpg,0.0
test_422.jpg,0.0
test_423.jpg,0.0
test_424.jpg,0.0
test_425.jpg,0.0
test_426.jpg,0.0
test_427.jpg,0.0
test_428.jpg,0.0
test_429.jpg,0.0
test_430.jpg,0.0
test_431.jpg,0.0
test_432.jpg,0.0
test_433.jpg,0.0
test_434.jpg,0.0
test_435.jpg,0.0
test_436.jpg,0.0
test_437.jpg,0.0
test_438.jpg,0.0
test_439.jpg,0.0
test_440.jpg,0.0
test_441.jpg,0.0
test_442.jpg,0.0
test_443.jpg,0.0
test_444.jpg,0.0
test_445.jpg,0.0
test_446.jpg,0.0
test_447.jpg,0.0
test_448.jpg,0.0
test_449.jpg,0.0
test_450.jpg,0.0
test_451.jpg,0.0
test_452.jpg,0.0
test_453.jpg,0.0
test_454.jpg,0.0
test_455.jpg,0.0
test_456.jpg,0.0
test_457.jpg,0.0
test_458.jpg,0.0
test_459.jpg,0.0
test_460.jpg,0.0
test_461.jpg,0.0
test_462.jpg,0.0
test_463.jpg,0.0
test_464.jpg,0.0
test_465.jpg,0.0
test_466.jpg,0.0
test_467.jpg,0.0
test_468.jpg,0.0
test_469.jpg,0.0
test_470.jpg,0.0
test_471.jpg,0.0
test_472.jpg,0.0
test_473.jpg,0.0
test_474.jpg,0.0
test_475.jpg,0.0
test_476.jpg,0.0
test_477.jpg,0.0
test_478.jpg,0.0
test_479.jpg,0.0
test_480.jpg,0.0
test_481.jpg,0.0
test_482.jpg,0.0
test_483.jpg,0.0
test_484.jpg,0.0
test_485.jpg,0.0
test_486.jpg,0.0
test_487.jpg,0.0
test_488.jpg,0.0
test_489.jpg,0.0
test_490.jpg,0.0
test_491.jpg,0.0
test_492.jpg,0.0
test_493.jpg,0.0
test_494.jpg,0.0
test_495.jpg,0.0
test_496.jpg,0.0
test_497.jpg,0.0
test_498.jpg,0.0
test_499.jpg,0.0
test_500.jpg,0.0
test_501.jpg,0.0
test_502.jpg,0.0
test_503.jpg,0.0
test_504.jpg,0.0
test_505.jpg,0.0
test_506.jpg,0.0
test_507.jpg,0.0
test_508.jpg,0.0
test_509.jpg,0.0
test_510.jpg,0.0
test_511.jpg,0.0
test_512.jpg,0.0
test_513.jpg,0.0
test_514.jpg,0.0
test_515.jpg,0.0
test_516.jpg,0.0
test_517.jpg,0.0
test_518.jpg,0.0
test_519.jpg,0.0
test_520.jpg,0.0
test_521.jpg,0.0
test_522.jpg,0.0
test_523.jpg,0.0
test_524.jpg,0.0
test_525.jpg,0.0
test_526.jpg,0.0
test_527.jpg,0.0
test_528.jpg,0.0
test_529.jpg,0.0
test_530.jpg,0.0
test_531.jpg,0.0
test_532.jpg,0.0
test_533.jpg,0.0
test_534.jpg,0.0
test_535.jpg,0.0
test_536.jpg,0.0
test_537.jpg,0.0
test_538.jpg,0.0
test_539.jpg,0.0
test_540.jpg,0.0
test_541.jpg,0.0
test_542.jpg,0.0
test_543.jpg,0.0
test_544.jpg,0.0
test_545.jpg,0.0
test_546.jpg,0.0
test_547.jpg,0.0
test_548.jpg,0.0
test_549.jpg,0.0
test_550.jpg,0.0
test_551.jpg,0.0
test_552.jpg,0.0
test_553.jpg,0.0
test_554.jpg,0.0
test_555.jpg,0.0
test_556.jpg,0.0
test_557.jpg,0.0
test_558.jpg,0.0
test_559.jpg,0.0
test_560.jpg,0.0
test_561.jpg,0.0
test_562.jpg,0.0
test_563.jpg,0.0
test_564.jpg,0.0
test_565.jpg,0.0
test_566.jpg,0.0
test_567.jpg,0.0
test_568.jpg,0.0
test_569.jpg,0.0
test_570.jpg,0.0
test_571.jpg,0.0
test_572.jpg,0.0
test_573.jpg,0.0
test_574.jpg,0.0
test_575.jpg,0.0
test_576.jpg,0.0
test_577.jpg,0.0
test_578.jpg,0.0
test_579.jpg,0.0
test_580.jpg,0.0
test_581.jpg,0.0
test_582.jpg,0.0
test_583.jpg,0.0
test_584.jpg,0.0
test_585.jpg,0.0
test_586.jpg,0.0
test_587.jpg,0.0
test_588.jpg,0.0
test_589.jpg,0.0
test_590.jpg,0.0
test_591.jpg,0.0
test_592.jpg,0.0
test_593.jpg,0.0
test_594.jpg,0.0
test_595.jpg,0.0
test_596.jpg,0.0
test_597.jpg,0.0
test_598.jpg,0.0
test_599.jpg,0.0
test_600.jpg,0.0
test_601.jpg,0.0
test_602.jpg,0.0
test_603.jpg,0.0
test_604.jpg,0.0
test_605.jpg,0.0
test_606.jpg,0.0
test_607.jpg,0.0
test_608.jpg,0.0
test_609.jpg,0.0
test_610.jpg,0.0
test_611.jpg,0.0
test_612.jpg,0.0
test_613.jpg,0.0
test_614.jpg,0.0
test_615.jpg,0.0
test_616.jpg,0.0
test_617.jpg,0.0
test_618.jpg,0.0
test_619.jpg,0.0
test_620.jpg,0.0
test_621.jpg,0.0
test_622.jpg,0.0
test_623.jpg,0.0
test_624.jpg,0.0
test_625.jpg,0.0
test_626.jpg,0.0
test_627.jpg,0.0
test_628.jpg,0.0
test_629.jpg,0.0
test_630.jpg,0.0
test_631.jpg,0.0
test_632.jpg,0.0
test_633.jpg,0.0
test_634.jpg,0.0
test_635.jpg,0.0
test_636.jpg,0.0
test_637.jpg,0.0
test_638.jpg,0.0
test_639.jpg,0.0
test_640.jpg,0.0
test_641.jpg,0.0
test_642.jpg,0.0
test_643.jpg,0.0
test_644.jpg,0.0
test_645.jpg,0.0
test_646.jpg,0.0
test_647.jpg,0.0
test_648.jpg,0.0
test_649.jpg,0.0
test_650.jpg,0.0
test_651.jpg,0.0
test_652.jpg,0.0
test_653.jpg,0.0
test_654.jpg,0.0
test_655.jpg,0.0
test_656.jpg,0.0
test_657.jpg,0.0
test_658.jpg,0.0
test_659.jpg,0.0
test_660.jpg,0.0
test_661.jpg,0.0
test_662.jpg,0.0
test_663.jpg,0.0
test_664.jpg,0.0
test_665.jpg,0.0
test_666.jpg,0.0
test_667.jpg,0.0
test_668.jpg,0.0
test_669.jpg,0.0
test_670.jpg,0.0
test_671.jpg,0.0
test_672.jpg,0.0
test_673.jpg,0.0
test_674.jpg,0.0
test_675.jpg,0.0
test_676.jpg,0.0
test_677.jpg,0.0
test_678.jpg,0.0
test_679.jpg,0.0
test_680.jpg,0.0
test_681.jpg,0.0
test_682.jpg,0.0
test_683.jpg,0.0
test_684.jpg,0.0
test_685.jpg,0.0
test_686.jpg,0.0
test_687.jpg,0.0
test_688.jpg,0.0
test_689.jpg,0.0
test_690.jpg,0.0
test_691.jpg,0.0
test_692.jpg,0.0
test_693.jpg,0.0
test_694.jpg,0.0
test_695.jpg,0.0
test_696.jpg,0.0
test_697.jpg,0.0
test_698.jpg,0.0
test_699.jpg,0.0
test_700.jpg,0.0
test_701.jpg,0.0
test_702.jpg,0.0
test_703.jpg,0.0
test_704.jpg,0.0
test_705.jpg,0.0
test_706.jpg,0.0
test_707.jpg,0.0
test_708.jpg,0.0
test_709.jpg,0.0
test_710.jpg,0.0
test_711.jpg,0.0
test_712.jpg,0.0
test_713.jpg,0.0
test_714.jpg,0.0
test_715.jpg,0.0
test_716.jpg,0.0
test_717.jpg,0.0
test_718.jpg,0.0
test_719.jpg,0.0
test_720.jpg,0.0
test_721.jpg,0.0
test_722.jpg,0.0
test_723.jpg,0.0
test_724.jpg,0.0
test_725.jpg,0.0
test_726.jpg,0.0
test_727.jpg,0.0
test_728.jpg,0.0
test_729.jpg,0.0
test_730.jpg,0.0
test_731.jpg,0.0
test_732.jpg,0.0
test_733.jpg,0.0
test_734.jpg,0.0
test_735.jpg,0.0
test_736.jpg,0.0
test_737.jpg,0.0
test_738.jpg,0.0
test_739.jpg,0.0
test_740.jpg,0.0
test_741.jpg,0.0
test_742.jpg,0.0
test_743.jpg,0.0
test_744.jpg,0.0
test_745.jpg,0.0
test_746.jpg,0.0
test_747.jpg,0.0
test_748.jpg,0.0
test_749.jpg,0.0
test_750.jpg,0.0
test_751.jpg,0.0
test_752.jpg,0.0
test_753.jpg,0.0
test_754.jpg,0.0
test_755.jpg,0.0
test_756.jpg,0.0
test_757.jpg,0.0
test_758.jpg,0.0
test_759.jpg,0.0
test_760.jpg,0.0
test_761.jpg,0.0
test_762.jpg,0.0
test_763.jpg,0.0
test_764.jpg,0.0
test_765.jpg,0.0
test_766.jpg,0.0
test_767.jpg,0.0
test_768.jpg,0.0
test_769.jpg,0.0
test_770.jpg,0.0
test_771.jpg,0.0
test_772.jpg,0.0
test_773.jpg,0.0
test_774.jpg,0.0
test_775.jpg,0.0
test_776.jpg,0.0
test_777.jpg,0.0
test_778.jpg,0.0
test_779.jpg,0.0
test_780.jpg,0.0
test_781.jpg,0.0
test_782.jpg,0.0
test_783.jpg,0.0
test_784.jpg,0.0
test_785.jpg,0.0
test_786.jpg,0.0
test_787.jpg,0.0
test_788.jpg,0.0
test_789.jpg,0.0
test_790.jpg,0.0
test_791.jpg,0.0
test_792.jpg,0.0
test_793.jpg,0.0
test_794.jpg,0.0
test_795.jpg,0.0
test_796.jpg,0.0
test_797.jpg,0.0
test_798.jpg,0.0
test_799.jpg,0.0
test_800.jpg,0.0
test_801.jpg,0.0
test_802.jpg,0.0
test_803.jpg,0.0
test_804.jpg,0.0
test_805.jpg,0.0
test_806.jpg,0.0
test_807.jpg,0.0
test_808.jpg,0.0
test_809.jpg,0.0
test_810.jpg,0.0
test_811.jpg,0.0
test_812.jpg,0.0
test_813.jpg,0.0
test_814.jpg,0.0
test_815.jpg,0.0
test_816.jpg,0.0
test_817.jpg,0.0
test_818.jpg,0.0
test_819.jpg,0.0
test_820.jpg,0.0
test_821.jpg,0.0
test_822.jpg,0.0
test_823.jpg,0.0
test_824.jpg,0.0
test_825.jpg,0.0
test_826.jpg,0.0
test_827.jpg,0.0
test_828.jpg,0.0
test_829.jpg,0.0
test_830.jpg,0.0
test_831.jpg,0.0
test_832.jpg,0.0
test_833.jpg,0.0
test_834.jpg,0.0
test_835.jpg,0.0
test_836.jpg,0.0
test_837.jpg,0.0
test_838.jpg,0.0
test_839.jpg,0.0
test_840.jpg,0.0
test_841.jpg,0.0
test_842.jpg,0.0
test_843.jpg,0.0
test_844.jpg,0.0
test_845.jpg,0.0
test_846.jpg,0.0
test_847.jpg,0.0
test_848.jpg,0.0
test_849.jpg,0.0
test_850.jpg,0.0
test_851.jpg,0.0
test_852.jpg,0.0
test_853.jpg,0.0
test_854.jpg,0.0
test_855.jpg,0.0
test_856.jpg,0.0
test_857.jpg,0.0
test_858.jpg,0.0
test_859.jpg,0.0
test_860.jpg,0.0
test_861.jpg,0.0
test_862.jpg,0.0
test_863.jpg,0.0
test_864.jpg,0.0
test_865.jpg,0.0
test_866.jpg,0.0
test_867.jpg,0.0
test_868.jpg,0.0
test_869.jpg,0.0
test_870.jpg,0.0
test_871.jpg,0.0
test_872.jpg,0.0
test_873.jpg,0.0
test_874.jpg,0.0
test_875.jpg,0.0
test_876.jpg,0.0
test_877.jpg,0.0
test_878.jpg,0.0
test_879.jpg,0.0
test_880.jpg,0.0
test_881.jpg,0.0
test_882.jpg,0.0
test_883.jpg,0.0
test_884.jpg,0.0
test_885.jpg,0.0
test_886.jpg,0.0
test_887.jpg,0.0
test_888.jpg,0.0
test_889.jpg,0.0
test_890.jpg,0.0
test_891.jpg,0.0
test_892.jpg,0.0
test_893.jpg,0.0
test_894.jpg,0.0
test_895.jpg,0.0
test_896.jpg,0.0
test_897.jpg,0.0
test_898.jpg,0.0
test_899.jpg,0.0
test_900.jpg,0.0
test_901.jpg,0.0
test_902.jpg,0.0
test_903.jpg,0.0
test_904.jpg,0.0
test_905.jpg,0.0
test_906.jpg,0.0
test_907.jpg,0.0
test_908.jpg,0.0
test_909.jpg,0.0
test_910.jpg,0.0
test_911.jpg,0.0
test_912.jpg,0.0
test_913.jpg,0.0
test_914.jpg,0.0
test_915.jpg,0.0
test_916.jpg,0.0
test_917.jpg,0.0
test_918.jpg,0.0
test_919.jpg,0.0
test_920.jpg,0.0
test_921.jpg,0.0
test_922.jpg,0.0
test_923.jpg,0.0
test_924.jpg,0.0
test_925.jpg,0.0
test_926.jpg,0.0
test_927.jpg,0.0
test_928.jpg,0.0
test_929.jpg,0.0
test_930.jpg,0.0
test_931.jpg,0.0
test_932.jpg,0.0
test_933.jpg,0.0
test_934.jpg,0.0
test_935.jpg,0.0
test_936.jpg,0.0
test_937.jpg,0.0
test_938.jpg,0.0
test_939.jpg,0.0
test_940.jpg,0.0
test_941.jpg,0.0
test_942.jpg,0.0
test_943.jpg,0.0
test_944.jpg,0.0
test_945.jpg,0.0
test_946.jpg,0.0
test_947.jpg,0.0
test_948.jpg,0.0
test_949.jpg,0.0
test_950.jpg,0.0
test_951.jpg,0.0
test_952.jpg,0.0
test_953.jpg,0.0
test_954.jpg,0.0
test_955.jpg,0.0
test_956.jpg,0.0
test_957.jpg,0.0
test_958.jpg,0.0
test_959.jpg,0.0
test_960.jpg,0.0
test_961.jpg,0.0
test_962.jpg,0.0
test_963.jpg,0.0
test_964.jpg,0.0
test_965.jpg,0.0
test_966.jpg,0.0
test_967.jpg,0.0
test_968.jpg,0.0
test_969.jpg,0.0
test_970.jpg,0.0
test_971.jpg,0.0
test_972.jpg,0.0
test_973.jpg,0.0
test_974.jpg,0.0
test_975.jpg,0.0
test_976.jpg,0.0
test_977.jpg,0.0
test_978.jpg,0.0
test_979.jpg,0.0
test_980.jpg,0.0
test_981.jpg,0.0
test_982.jpg,0.0
test_983.jpg,0.0
test_984.jpg,0.0
test_985.jpg,0.0
test_986.jpg,0.0
test_987.jpg,0.0
test_988.jpg,0.0
test_989.jpg,0.0
test_990.jpg,0.0
test_991.jpg,0.0
test_992.jpg,0.0
test_993.jpg,0.0
test_994.jpg,0.0
test_995.jpg,0.0
test_996.jpg,0.0
test_997.jpg,0.0
test_998.jpg,0.0
test_999.jpg,0.0
